{
  "type": "minecraft:gift",
  "pools": [
    {
      "rolls": 1,
      "bonus_rolls": 0,
      "entries": [
        {
          "type": "minecraft:item",
          "weight": 36,
          "name": "minecraft:leather"
        },
        {
          "type": "minecraft:item",
          "weight": 8,
          "name": "minecraft:iron_horse_armor"
        },
        {
          "type": "minecraft:item",
          "weight": 4,
          "name": "minecraft:golden_horse_armor"
        },
        {
          "type": "minecraft:item",
          "weight": 2,
          "name": "minecraft:diamond_horse_armor"
        }
      ]
    }
  ],
  "random_sequence": "minecraft:gameplay/hero_of_the_village/leatherworker_gift"
}
