{
    "type": "minecraft:crafting_shapeless",
    "ingredients": [
        {
            "item": "minecraft:andesite"
        },
        {
            "item": "minecraft:andesite"
        },
        {
            "item": "minecraft:andesite"
        },
        {
            "item": "minecraft:andesite"
        },
        {
            "item": "minecraft:basalt"
        },
        {
            "item": "minecraft:basalt"
        },
        {
            "item": "minecraft:basalt"
        },
        {
            "item": "minecraft:basalt"
        },
        {
            "item": "minecraft:calcite"
        }
    ],
    "result": {
        "item": "minecraft:tuff",
        "count": 9
    }
}