{
  "type": "minecraft:generic",
  "pools": [
    {
      "rolls": 1,
      "entries": [
        {
          "type": "minecraft:item",
          "name": "minecraft:dirt",
          "functions": [
            {
              "function": "minecraft:set_count",
              "count": 1
            }
          ],
          "conditions": [
            {
              "condition": "minecraft:random_chance",
              "chance": 0.05
            }
          ]
        }
      ]
    }
  ],
  "functions": [
    {
      "function": "minecraft:set_nbt",
      "tag": "{sep_drip:1b}"
    }
  ],
  "random_sequence": "sep_small_dripleaf:dripleaf_chance"
}
