{
  "type": "minecraft:generic",
  "pools": [
    {
      "rolls": 1,
      "entries": [
        {
          "type": "minecraft:item",
          "name": "minecraft:coal_ore"
        },
        {
          "type": "minecraft:item",
          "name": "minecraft:iron_ore"
        },
        {
          "type": "minecraft:item",
          "name": "minecraft:copper_ore"
        },
        {
          "type": "minecraft:item",
          "name": "minecraft:lapis_ore"
        },
        {
          "type": "minecraft:item",
          "name": "minecraft:redstone_ore"
        },
        {
          "type": "minecraft:item",
          "name": "minecraft:gold_ore"
        },
        {
          "type": "minecraft:item",
          "name": "minecraft:emerald_ore"
        },
        {
          "type": "minecraft:item",
          "name": "minecraft:diamond_ore"
        }
      ]
    }
  ],
  "functions": [
    {
      "function": "minecraft:set_nbt",
      "tag": "{sep_ore:1b}"
    }
  ],
  "random_sequence": "sep_ores:ores"
}
