{
    "type": "minecraft:crafting_shapeless",
    "ingredients": [
        {
            "item": "minecraft:sculk"
        },
        {
            "item": "minecraft:sand"
        },
        {
            "item": "minecraft:sculk"
        },
        {
            "item": "minecraft:sand"
        },
        {
            "item": "minecraft:soul_sand"
        },
        {
            "item": "minecraft:sand"
        },
        {
            "item": "minecraft:sculk"
        },
        {
            "item": "minecraft:sand"
        },
        {
            "item": "minecraft:sculk"
        }
    ],
    "result": {
        "item": "minecraft:soul_sand",
        "count": 8
    }
}