{
  "type": "minecraft:entity",
  "pools": [
    {
      "bonus_rolls": 0.0,
      "conditions": [
        {
          "condition": "minecraft:killed_by_player"
        }
      ],
      "entries": [
        {
          "type": "minecraft:item",
          "functions": [
            {
              "add": false,
              "count": {
                "type": "minecraft:uniform",
                "max": 1.0,
                "min": 0.0
              },
              "function": "minecraft:set_count"
            },
            {
              "count": {
                "type": "minecraft:uniform",
                "max": 1.0,
                "min": 0.0
              },
              "function": "minecraft:looting_enchant"
            }
          ],
          "name": "minecraft:phantom_membrane"
        }
      ],
      "rolls": 1.0
    },
    {
      "rolls": 1,
      "entries": [
        {
          "type": "minecraft:item",
          "name": "minecraft:elytra",
          "functions": [
            {
              "function": "minecraft:set_damage",
              "damage": 0
            }
          ]
        },
        {
          "type": "minecraft:item",
          "name": "minecraft:phantom_membrane"
        }
      ],
      "conditions": [
        {
          "condition": "minecraft:damage_source_properties",
          "predicate": {
            "source_entity": {
              "type": "minecraft:shulker"
            }
          }
        }
      ]
    }
  ],
  "random_sequence": "minecraft:entities/phantom"
}
