{
  "criteria": {
    "example": {
      "trigger": "minecraft:item_used_on_block",
      "conditions": {
        "item": {
          "items": [
            "minecraft:bone_meal"
          ]
        },
        "location": [
          {
            "condition": "minecraft:location_check",
            "predicate": {
              "biome": "minecraft:mangrove_swamp",
              "block": {
                "blocks": [
                  "minecraft:grass_block"
                ]
              }
            }
          }
        ]
      }
    }
  },
  "rewards": {
    "function": "sep_lilypad:raycast/start"
  }
}
