{
  "type": "minecraft:fishing",
  "pools": [
    {
      "bonus_rolls": 0,
      "entries": [
        {
          "type": "minecraft:item",
          "name": "minecraft:name_tag"
        },
        {
          "type": "minecraft:item",
          "name": "minecraft:saddle"
        },
        {
          "type": "minecraft:item",
          "functions": [
            {
              "add": false,
              "damage": {
                "type": "minecraft:uniform",
                "max": 0.25,
                "min": 0.0
              },
              "function": "minecraft:set_damage"
            },
            {
              "function": "minecraft:enchant_with_levels",
              "levels": 30.0,
              "treasure": true
            }
          ],
          "name": "minecraft:bow"
        },
        {
          "type": "minecraft:item",
          "functions": [
            {
              "add": false,
              "damage": {
                "type": "minecraft:uniform",
                "max": 0.25,
                "min": 0.0
              },
              "function": "minecraft:set_damage"
            },
            {
              "function": "minecraft:enchant_with_levels",
              "levels": 30.0,
              "treasure": true
            }
          ],
          "name": "minecraft:fishing_rod"
        },
        {
          "type": "minecraft:item",
          "functions": [
            {
              "function": "minecraft:enchant_with_levels",
              "levels": 30.0,
              "treasure": true
            }
          ],
          "name": "minecraft:book"
        },
        {
          "type": "minecraft:item",
          "name": "minecraft:nautilus_shell"
        },
        {
          "type": "minecraft:item",
          "functions": [
            {
              "function": "minecraft:set_nbt",
              "tag": "{StoredEnchantments: [{lvl:1, id: \"minecraft:swift_sneak\"}]}"
            }
          ],
		  "name": "minecraft:enchanted_book"
        },
        {
          "type": "minecraft:item",
          "name": "minecraft:scute",
          "conditions": [
            {
              "condition": "minecraft:any_of",
              "terms": [
                {
                  "condition": "minecraft:location_check",
                  "predicate": {
                    "biome": "minecraft:cold_ocean"
                  }
                },
                {
                  "condition": "minecraft:location_check",
                  "predicate": {
                    "biome": "minecraft:deep_cold_ocean"
                  }
                },
                {
                  "condition": "minecraft:location_check",
                  "predicate": {
                    "biome": "minecraft:deep_frozen_ocean"
                  }
                },
                {
                  "condition": "minecraft:location_check",
                  "predicate": {
                    "biome": "minecraft:deep_lukewarm_ocean"
                  }
                },
                {
                  "condition": "minecraft:location_check",
                  "predicate": {
                    "biome": "minecraft:deep_ocean"
                  }
                },
                {
                  "condition": "minecraft:location_check",
                  "predicate": {
                    "biome": "minecraft:frozen_ocean"
                  }
                },
                {
                  "condition": "minecraft:location_check",
                  "predicate": {
                    "biome": "minecraft:lukewarm_ocean"
                  }
                },
                {
                  "condition": "minecraft:location_check",
                  "predicate": {
                    "biome": "minecraft:ocean"
                  }
                },
                {
                  "condition": "minecraft:location_check",
                  "predicate": {
                    "biome": "minecraft:warm_ocean"
                  }
                }
              ]
            }
          ]
        }
      ],
	  "rolls": 1
    }
  ],
  "random_sequence": "minecraft:gameplay/fishing/treasure"
}
