[
  {
    "condition": "minecraft:any_of",
    "terms": [
		{"condition":"minecraft:location_check","offsetX":-2,"offsetY":-2,"offsetZ":-2,"predicate":{"block":{"blocks":["minecraft:conduit"]}}},
		{"condition":"minecraft:location_check","offsetX":-1,"offsetY":-2,"offsetZ":-2,"predicate":{"block":{"blocks":["minecraft:conduit"]}}},
		{"condition":"minecraft:location_check","offsetX":0,"offsetY":-2,"offsetZ":-2,"predicate":{"block":{"blocks":["minecraft:conduit"]}}},
		{"condition":"minecraft:location_check","offsetX":1,"offsetY":-2,"offsetZ":-2,"predicate":{"block":{"blocks":["minecraft:conduit"]}}},
		{"condition":"minecraft:location_check","offsetX":2,"offsetY":-2,"offsetZ":-2,"predicate":{"block":{"blocks":["minecraft:conduit"]}}},
		{"condition":"minecraft:location_check","offsetX":-2,"offsetY":-1,"offsetZ":-2,"predicate":{"block":{"blocks":["minecraft:conduit"]}}},
		{"condition":"minecraft:location_check","offsetX":-1,"offsetY":-1,"offsetZ":-2,"predicate":{"block":{"blocks":["minecraft:conduit"]}}},
		{"condition":"minecraft:location_check","offsetX":0,"offsetY":-1,"offsetZ":-2,"predicate":{"block":{"blocks":["minecraft:conduit"]}}},
		{"condition":"minecraft:location_check","offsetX":1,"offsetY":-1,"offsetZ":-2,"predicate":{"block":{"blocks":["minecraft:conduit"]}}},
		{"condition":"minecraft:location_check","offsetX":2,"offsetY":-1,"offsetZ":-2,"predicate":{"block":{"blocks":["minecraft:conduit"]}}},
		{"condition":"minecraft:location_check","offsetX":-2,"offsetY":0,"offsetZ":-2,"predicate":{"block":{"blocks":["minecraft:conduit"]}}},
		{"condition":"minecraft:location_check","offsetX":-1,"offsetY":0,"offsetZ":-2,"predicate":{"block":{"blocks":["minecraft:conduit"]}}},
		{"condition":"minecraft:location_check","offsetX":0,"offsetY":0,"offsetZ":-2,"predicate":{"block":{"blocks":["minecraft:conduit"]}}},
		{"condition":"minecraft:location_check","offsetX":1,"offsetY":0,"offsetZ":-2,"predicate":{"block":{"blocks":["minecraft:conduit"]}}},
		{"condition":"minecraft:location_check","offsetX":2,"offsetY":0,"offsetZ":-2,"predicate":{"block":{"blocks":["minecraft:conduit"]}}},
		{"condition":"minecraft:location_check","offsetX":-2,"offsetY":1,"offsetZ":-2,"predicate":{"block":{"blocks":["minecraft:conduit"]}}},
		{"condition":"minecraft:location_check","offsetX":-1,"offsetY":1,"offsetZ":-2,"predicate":{"block":{"blocks":["minecraft:conduit"]}}},
		{"condition":"minecraft:location_check","offsetX":0,"offsetY":1,"offsetZ":-2,"predicate":{"block":{"blocks":["minecraft:conduit"]}}},
		{"condition":"minecraft:location_check","offsetX":1,"offsetY":1,"offsetZ":-2,"predicate":{"block":{"blocks":["minecraft:conduit"]}}},
		{"condition":"minecraft:location_check","offsetX":2,"offsetY":1,"offsetZ":-2,"predicate":{"block":{"blocks":["minecraft:conduit"]}}},
		{"condition":"minecraft:location_check","offsetX":-2,"offsetY":2,"offsetZ":-2,"predicate":{"block":{"blocks":["minecraft:conduit"]}}},
		{"condition":"minecraft:location_check","offsetX":-1,"offsetY":2,"offsetZ":-2,"predicate":{"block":{"blocks":["minecraft:conduit"]}}},
		{"condition":"minecraft:location_check","offsetX":0,"offsetY":2,"offsetZ":-2,"predicate":{"block":{"blocks":["minecraft:conduit"]}}},
		{"condition":"minecraft:location_check","offsetX":1,"offsetY":2,"offsetZ":-2,"predicate":{"block":{"blocks":["minecraft:conduit"]}}},
		{"condition":"minecraft:location_check","offsetX":2,"offsetY":2,"offsetZ":-2,"predicate":{"block":{"blocks":["minecraft:conduit"]}}},
		{"condition":"minecraft:location_check","offsetX":-2,"offsetY":-2,"offsetZ":-1,"predicate":{"block":{"blocks":["minecraft:conduit"]}}},
		{"condition":"minecraft:location_check","offsetX":-1,"offsetY":-2,"offsetZ":-1,"predicate":{"block":{"blocks":["minecraft:conduit"]}}},
		{"condition":"minecraft:location_check","offsetX":0,"offsetY":-2,"offsetZ":-1,"predicate":{"block":{"blocks":["minecraft:conduit"]}}},
		{"condition":"minecraft:location_check","offsetX":1,"offsetY":-2,"offsetZ":-1,"predicate":{"block":{"blocks":["minecraft:conduit"]}}},
		{"condition":"minecraft:location_check","offsetX":2,"offsetY":-2,"offsetZ":-1,"predicate":{"block":{"blocks":["minecraft:conduit"]}}},
		{"condition":"minecraft:location_check","offsetX":-2,"offsetY":-1,"offsetZ":-1,"predicate":{"block":{"blocks":["minecraft:conduit"]}}},
		{"condition":"minecraft:location_check","offsetX":-1,"offsetY":-1,"offsetZ":-1,"predicate":{"block":{"blocks":["minecraft:conduit"]}}},
		{"condition":"minecraft:location_check","offsetX":0,"offsetY":-1,"offsetZ":-1,"predicate":{"block":{"blocks":["minecraft:conduit"]}}},
		{"condition":"minecraft:location_check","offsetX":1,"offsetY":-1,"offsetZ":-1,"predicate":{"block":{"blocks":["minecraft:conduit"]}}},
		{"condition":"minecraft:location_check","offsetX":2,"offsetY":-1,"offsetZ":-1,"predicate":{"block":{"blocks":["minecraft:conduit"]}}},
		{"condition":"minecraft:location_check","offsetX":-2,"offsetY":0,"offsetZ":-1,"predicate":{"block":{"blocks":["minecraft:conduit"]}}},
		{"condition":"minecraft:location_check","offsetX":-1,"offsetY":0,"offsetZ":-1,"predicate":{"block":{"blocks":["minecraft:conduit"]}}},
		{"condition":"minecraft:location_check","offsetX":0,"offsetY":0,"offsetZ":-1,"predicate":{"block":{"blocks":["minecraft:conduit"]}}},
		{"condition":"minecraft:location_check","offsetX":1,"offsetY":0,"offsetZ":-1,"predicate":{"block":{"blocks":["minecraft:conduit"]}}},
		{"condition":"minecraft:location_check","offsetX":2,"offsetY":0,"offsetZ":-1,"predicate":{"block":{"blocks":["minecraft:conduit"]}}},
		{"condition":"minecraft:location_check","offsetX":-2,"offsetY":1,"offsetZ":-1,"predicate":{"block":{"blocks":["minecraft:conduit"]}}},
		{"condition":"minecraft:location_check","offsetX":-1,"offsetY":1,"offsetZ":-1,"predicate":{"block":{"blocks":["minecraft:conduit"]}}},
		{"condition":"minecraft:location_check","offsetX":0,"offsetY":1,"offsetZ":-1,"predicate":{"block":{"blocks":["minecraft:conduit"]}}},
		{"condition":"minecraft:location_check","offsetX":1,"offsetY":1,"offsetZ":-1,"predicate":{"block":{"blocks":["minecraft:conduit"]}}},
		{"condition":"minecraft:location_check","offsetX":2,"offsetY":1,"offsetZ":-1,"predicate":{"block":{"blocks":["minecraft:conduit"]}}},
		{"condition":"minecraft:location_check","offsetX":-2,"offsetY":2,"offsetZ":-1,"predicate":{"block":{"blocks":["minecraft:conduit"]}}},
		{"condition":"minecraft:location_check","offsetX":-1,"offsetY":2,"offsetZ":-1,"predicate":{"block":{"blocks":["minecraft:conduit"]}}},
		{"condition":"minecraft:location_check","offsetX":0,"offsetY":2,"offsetZ":-1,"predicate":{"block":{"blocks":["minecraft:conduit"]}}},
		{"condition":"minecraft:location_check","offsetX":1,"offsetY":2,"offsetZ":-1,"predicate":{"block":{"blocks":["minecraft:conduit"]}}},
		{"condition":"minecraft:location_check","offsetX":2,"offsetY":2,"offsetZ":-1,"predicate":{"block":{"blocks":["minecraft:conduit"]}}},
		{"condition":"minecraft:location_check","offsetX":-2,"offsetY":-2,"offsetZ":0,"predicate":{"block":{"blocks":["minecraft:conduit"]}}},
		{"condition":"minecraft:location_check","offsetX":-1,"offsetY":-2,"offsetZ":0,"predicate":{"block":{"blocks":["minecraft:conduit"]}}},
		{"condition":"minecraft:location_check","offsetX":0,"offsetY":-2,"offsetZ":0,"predicate":{"block":{"blocks":["minecraft:conduit"]}}},
		{"condition":"minecraft:location_check","offsetX":1,"offsetY":-2,"offsetZ":0,"predicate":{"block":{"blocks":["minecraft:conduit"]}}},
		{"condition":"minecraft:location_check","offsetX":2,"offsetY":-2,"offsetZ":0,"predicate":{"block":{"blocks":["minecraft:conduit"]}}},
		{"condition":"minecraft:location_check","offsetX":-2,"offsetY":-1,"offsetZ":0,"predicate":{"block":{"blocks":["minecraft:conduit"]}}},
		{"condition":"minecraft:location_check","offsetX":-1,"offsetY":-1,"offsetZ":0,"predicate":{"block":{"blocks":["minecraft:conduit"]}}},
		{"condition":"minecraft:location_check","offsetX":0,"offsetY":-1,"offsetZ":0,"predicate":{"block":{"blocks":["minecraft:conduit"]}}},
		{"condition":"minecraft:location_check","offsetX":1,"offsetY":-1,"offsetZ":0,"predicate":{"block":{"blocks":["minecraft:conduit"]}}},
		{"condition":"minecraft:location_check","offsetX":2,"offsetY":-1,"offsetZ":0,"predicate":{"block":{"blocks":["minecraft:conduit"]}}},
		{"condition":"minecraft:location_check","offsetX":-2,"offsetY":0,"offsetZ":0,"predicate":{"block":{"blocks":["minecraft:conduit"]}}},
		{"condition":"minecraft:location_check","offsetX":-1,"offsetY":0,"offsetZ":0,"predicate":{"block":{"blocks":["minecraft:conduit"]}}},
		{"condition":"minecraft:location_check","offsetX":0,"offsetY":0,"offsetZ":0,"predicate":{"block":{"blocks":["minecraft:conduit"]}}},
		{"condition":"minecraft:location_check","offsetX":1,"offsetY":0,"offsetZ":0,"predicate":{"block":{"blocks":["minecraft:conduit"]}}},
		{"condition":"minecraft:location_check","offsetX":2,"offsetY":0,"offsetZ":0,"predicate":{"block":{"blocks":["minecraft:conduit"]}}},
		{"condition":"minecraft:location_check","offsetX":-2,"offsetY":1,"offsetZ":0,"predicate":{"block":{"blocks":["minecraft:conduit"]}}},
		{"condition":"minecraft:location_check","offsetX":-1,"offsetY":1,"offsetZ":0,"predicate":{"block":{"blocks":["minecraft:conduit"]}}},
		{"condition":"minecraft:location_check","offsetX":0,"offsetY":1,"offsetZ":0,"predicate":{"block":{"blocks":["minecraft:conduit"]}}},
		{"condition":"minecraft:location_check","offsetX":1,"offsetY":1,"offsetZ":0,"predicate":{"block":{"blocks":["minecraft:conduit"]}}},
		{"condition":"minecraft:location_check","offsetX":2,"offsetY":1,"offsetZ":0,"predicate":{"block":{"blocks":["minecraft:conduit"]}}},
		{"condition":"minecraft:location_check","offsetX":-2,"offsetY":2,"offsetZ":0,"predicate":{"block":{"blocks":["minecraft:conduit"]}}},
		{"condition":"minecraft:location_check","offsetX":-1,"offsetY":2,"offsetZ":0,"predicate":{"block":{"blocks":["minecraft:conduit"]}}},
		{"condition":"minecraft:location_check","offsetX":0,"offsetY":2,"offsetZ":0,"predicate":{"block":{"blocks":["minecraft:conduit"]}}},
		{"condition":"minecraft:location_check","offsetX":1,"offsetY":2,"offsetZ":0,"predicate":{"block":{"blocks":["minecraft:conduit"]}}},
		{"condition":"minecraft:location_check","offsetX":2,"offsetY":2,"offsetZ":0,"predicate":{"block":{"blocks":["minecraft:conduit"]}}},
		{"condition":"minecraft:location_check","offsetX":-2,"offsetY":-2,"offsetZ":1,"predicate":{"block":{"blocks":["minecraft:conduit"]}}},
		{"condition":"minecraft:location_check","offsetX":-1,"offsetY":-2,"offsetZ":1,"predicate":{"block":{"blocks":["minecraft:conduit"]}}},
		{"condition":"minecraft:location_check","offsetX":0,"offsetY":-2,"offsetZ":1,"predicate":{"block":{"blocks":["minecraft:conduit"]}}},
		{"condition":"minecraft:location_check","offsetX":1,"offsetY":-2,"offsetZ":1,"predicate":{"block":{"blocks":["minecraft:conduit"]}}},
		{"condition":"minecraft:location_check","offsetX":2,"offsetY":-2,"offsetZ":1,"predicate":{"block":{"blocks":["minecraft:conduit"]}}},
		{"condition":"minecraft:location_check","offsetX":-2,"offsetY":-1,"offsetZ":1,"predicate":{"block":{"blocks":["minecraft:conduit"]}}},
		{"condition":"minecraft:location_check","offsetX":-1,"offsetY":-1,"offsetZ":1,"predicate":{"block":{"blocks":["minecraft:conduit"]}}},
		{"condition":"minecraft:location_check","offsetX":0,"offsetY":-1,"offsetZ":1,"predicate":{"block":{"blocks":["minecraft:conduit"]}}},
		{"condition":"minecraft:location_check","offsetX":1,"offsetY":-1,"offsetZ":1,"predicate":{"block":{"blocks":["minecraft:conduit"]}}},
		{"condition":"minecraft:location_check","offsetX":2,"offsetY":-1,"offsetZ":1,"predicate":{"block":{"blocks":["minecraft:conduit"]}}},
		{"condition":"minecraft:location_check","offsetX":-2,"offsetY":0,"offsetZ":1,"predicate":{"block":{"blocks":["minecraft:conduit"]}}},
		{"condition":"minecraft:location_check","offsetX":-1,"offsetY":0,"offsetZ":1,"predicate":{"block":{"blocks":["minecraft:conduit"]}}},
		{"condition":"minecraft:location_check","offsetX":0,"offsetY":0,"offsetZ":1,"predicate":{"block":{"blocks":["minecraft:conduit"]}}},
		{"condition":"minecraft:location_check","offsetX":1,"offsetY":0,"offsetZ":1,"predicate":{"block":{"blocks":["minecraft:conduit"]}}},
		{"condition":"minecraft:location_check","offsetX":2,"offsetY":0,"offsetZ":1,"predicate":{"block":{"blocks":["minecraft:conduit"]}}},
		{"condition":"minecraft:location_check","offsetX":-2,"offsetY":1,"offsetZ":1,"predicate":{"block":{"blocks":["minecraft:conduit"]}}},
		{"condition":"minecraft:location_check","offsetX":-1,"offsetY":1,"offsetZ":1,"predicate":{"block":{"blocks":["minecraft:conduit"]}}},
		{"condition":"minecraft:location_check","offsetX":0,"offsetY":1,"offsetZ":1,"predicate":{"block":{"blocks":["minecraft:conduit"]}}},
		{"condition":"minecraft:location_check","offsetX":1,"offsetY":1,"offsetZ":1,"predicate":{"block":{"blocks":["minecraft:conduit"]}}},
		{"condition":"minecraft:location_check","offsetX":2,"offsetY":1,"offsetZ":1,"predicate":{"block":{"blocks":["minecraft:conduit"]}}},
		{"condition":"minecraft:location_check","offsetX":-2,"offsetY":2,"offsetZ":1,"predicate":{"block":{"blocks":["minecraft:conduit"]}}},
		{"condition":"minecraft:location_check","offsetX":-1,"offsetY":2,"offsetZ":1,"predicate":{"block":{"blocks":["minecraft:conduit"]}}},
		{"condition":"minecraft:location_check","offsetX":0,"offsetY":2,"offsetZ":1,"predicate":{"block":{"blocks":["minecraft:conduit"]}}},
		{"condition":"minecraft:location_check","offsetX":1,"offsetY":2,"offsetZ":1,"predicate":{"block":{"blocks":["minecraft:conduit"]}}},
		{"condition":"minecraft:location_check","offsetX":2,"offsetY":2,"offsetZ":1,"predicate":{"block":{"blocks":["minecraft:conduit"]}}},
		{"condition":"minecraft:location_check","offsetX":-2,"offsetY":-2,"offsetZ":2,"predicate":{"block":{"blocks":["minecraft:conduit"]}}},
		{"condition":"minecraft:location_check","offsetX":-1,"offsetY":-2,"offsetZ":2,"predicate":{"block":{"blocks":["minecraft:conduit"]}}},
		{"condition":"minecraft:location_check","offsetX":0,"offsetY":-2,"offsetZ":2,"predicate":{"block":{"blocks":["minecraft:conduit"]}}},
		{"condition":"minecraft:location_check","offsetX":1,"offsetY":-2,"offsetZ":2,"predicate":{"block":{"blocks":["minecraft:conduit"]}}},
		{"condition":"minecraft:location_check","offsetX":2,"offsetY":-2,"offsetZ":2,"predicate":{"block":{"blocks":["minecraft:conduit"]}}},
		{"condition":"minecraft:location_check","offsetX":-2,"offsetY":-1,"offsetZ":2,"predicate":{"block":{"blocks":["minecraft:conduit"]}}},
		{"condition":"minecraft:location_check","offsetX":-1,"offsetY":-1,"offsetZ":2,"predicate":{"block":{"blocks":["minecraft:conduit"]}}},
		{"condition":"minecraft:location_check","offsetX":0,"offsetY":-1,"offsetZ":2,"predicate":{"block":{"blocks":["minecraft:conduit"]}}},
		{"condition":"minecraft:location_check","offsetX":1,"offsetY":-1,"offsetZ":2,"predicate":{"block":{"blocks":["minecraft:conduit"]}}},
		{"condition":"minecraft:location_check","offsetX":2,"offsetY":-1,"offsetZ":2,"predicate":{"block":{"blocks":["minecraft:conduit"]}}},
		{"condition":"minecraft:location_check","offsetX":-2,"offsetY":0,"offsetZ":2,"predicate":{"block":{"blocks":["minecraft:conduit"]}}},
		{"condition":"minecraft:location_check","offsetX":-1,"offsetY":0,"offsetZ":2,"predicate":{"block":{"blocks":["minecraft:conduit"]}}},
		{"condition":"minecraft:location_check","offsetX":0,"offsetY":0,"offsetZ":2,"predicate":{"block":{"blocks":["minecraft:conduit"]}}},
		{"condition":"minecraft:location_check","offsetX":1,"offsetY":0,"offsetZ":2,"predicate":{"block":{"blocks":["minecraft:conduit"]}}},
		{"condition":"minecraft:location_check","offsetX":2,"offsetY":0,"offsetZ":2,"predicate":{"block":{"blocks":["minecraft:conduit"]}}},
		{"condition":"minecraft:location_check","offsetX":-2,"offsetY":1,"offsetZ":2,"predicate":{"block":{"blocks":["minecraft:conduit"]}}},
		{"condition":"minecraft:location_check","offsetX":-1,"offsetY":1,"offsetZ":2,"predicate":{"block":{"blocks":["minecraft:conduit"]}}},
		{"condition":"minecraft:location_check","offsetX":0,"offsetY":1,"offsetZ":2,"predicate":{"block":{"blocks":["minecraft:conduit"]}}},
		{"condition":"minecraft:location_check","offsetX":1,"offsetY":1,"offsetZ":2,"predicate":{"block":{"blocks":["minecraft:conduit"]}}},
		{"condition":"minecraft:location_check","offsetX":2,"offsetY":1,"offsetZ":2,"predicate":{"block":{"blocks":["minecraft:conduit"]}}},
		{"condition":"minecraft:location_check","offsetX":-2,"offsetY":2,"offsetZ":2,"predicate":{"block":{"blocks":["minecraft:conduit"]}}},
		{"condition":"minecraft:location_check","offsetX":-1,"offsetY":2,"offsetZ":2,"predicate":{"block":{"blocks":["minecraft:conduit"]}}},
		{"condition":"minecraft:location_check","offsetX":0,"offsetY":2,"offsetZ":2,"predicate":{"block":{"blocks":["minecraft:conduit"]}}},
		{"condition":"minecraft:location_check","offsetX":1,"offsetY":2,"offsetZ":2,"predicate":{"block":{"blocks":["minecraft:conduit"]}}},
		{"condition":"minecraft:location_check","offsetX":2,"offsetY":2,"offsetZ":2,"predicate":{"block":{"blocks":["minecraft:conduit"]}}}
    ]
  }
]
