{
    "type": "minecraft:crafting_shapeless",
    "ingredients": [
        {
            "item": "minecraft:sand"
        },
        {
            "item": "minecraft:sand"
        },
        {
            "item": "minecraft:sand"
        },
        {
            "item": "minecraft:sand"
        },
        {
            "item": "minecraft:raw_iron"
        },
        {
            "item": "minecraft:sand"
        },
        {
            "item": "minecraft:sand"
        },
        {
            "item": "minecraft:sand"
        },
        {
            "item": "minecraft:sand"
        }
    ],
    "result": {
        "item": "minecraft:red_sand",
        "count": 8
    }
}